<?xml version="1.0" encoding="UTF-8" standalone="yes"?>
<addon id="plugin.program.latinokodi.light" name="Latino Kodi Light" version="1.0" provider-name="@latinokodi100">
  <requires>
    <import addon="xbmc.python" version="2.1.0"/>
  </requires>
  <extension point="xbmc.python.pluginsource" library="default.py">
    <provides>executable</provides>
  </extension>
  <extension point="xbmc.service" library="startup.py" start="startup" />
  <extension point="xbmc.addon.metadata">
    <summary lang="en">Latino Kodi Light</summary>
    <description lang="en">Versión Light de Latino Kodi</description>
    <platform>all</platform>
  </extension>
</addon>