<?xml version="1.0" encoding="UTF-8" standalone="yes"?>
<addon id="plugin.program.latinokodimatrix" name="[COLOR red]LKU[/COLOR]" version="0.0.1" provider-name="LKU">
    <requires>
        <import addon="xbmc.python" version="3.0.0" />
        <import addon="script.module.requests" />
        <import addon="script.module.six" />
        <import addon="script.kodi.android.update" optional="true" version="1.1.7" />
    </requires>
    
    <extension point="xbmc.python.pluginsource" library="default.py">
        <provides>executable</provides>
    </extension>
	
	<extension point="xbmc.service" library="startup.py" start="startup" />
    
    <extension point="xbmc.addon.metadata">
    <summary lang="en">LKU Wizard</summary>
    <description lang="en">Ingresa a nuestro grupo de Telegram @latinokodi</description>
        <platform>all</platform>
        <reuselanguageinvoker>false</reuselanguageinvoker>
        

        <assets>
            <icon>icon.png</icon>
            <fanart>fanart.jpg</fanart>
        </assets>
    </extension>
</addon>



