<?xml version="1.0" encoding="UTF-8" standalone="yes"?>
<addon id="plugin.program.latinokodiultimate" name="Latino Kodi Ultimate" version="1.0" provider-name="@latinokodi100">
  <requires>
    <import addon="xbmc.python" version="2.1.0"/>
  </requires>
  <extension point="xbmc.python.pluginsource" library="default.py">
    <provides>executable</provides>
  </extension>
  <extension point="xbmc.service" library="startup.py" start="startup" />
  <extension point="xbmc.addon.metadata">
    <summary lang="en">Latino Kodi Ultimate</summary>
    <description lang="en">Wizard para Latino Kodi Ultimate.</description>
    <platform>all</platform>
  </extension>
</addon>