<?xml version="1.0" encoding="UTF-8" standalone="yes"?>
<addon id="plugin.program.latinokodi" name="Latino Kodi 100" version="4.0" provider-name="@latinokodi100">
  <requires>
    <import addon="xbmc.python" version="2.1.0"/>
  </requires>
  <extension point="xbmc.python.pluginsource" library="default.py">
    <provides>executable</provides>
  </extension>
  <extension point="xbmc.service" library="startup.py" start="startup" />
  <extension point="xbmc.addon.metadata">
    <summary lang="en">Latino Kodi 100</summary>
    <description lang="en">Wizard para Latino Kodi 100</description>
    <platform>all</platform>
  </extension>
</addon>